<?xml version="1.0" encoding="UTF-8" standalone="yes"?>
<manifest>
  <control namespace="PcfComentarioPortal" constructor="PCFComentarioPortal" version="0.0.1" display-name-key="PCFComentarioPortal" description-key="PCFComentarioPortal description" control-type="standard" api-version="1.2.1">
    <type-group name="forTags">
      <type>SingleLine.Text</type>
      <type>SingleLine.TextArea</type>
    </type-group>
    <property name="sampleProperty" display-name-key="Property_Display_Key" description-key="Property_Desc_Key" of-type-group="forTags" usage="bound" required="true"/>
    <resources>
      <code path="bundle.js" order="1"/>
      <css path="css/PCFComentarioPortal.css" order="1"/>
    </resources>
    <feature-usage>
      <uses-feature name="WebAPI" required="true"/>
    </feature-usage>
    <built-by name="pac" version="1.1.6"/>
  </control>
</manifest>